instant;dteday;season;yr;mnth;holiday;weekday;workingday;weathersit;temp;atemp;hum;windspeed;leaflets;price reduction;casual;registered;cnt
154;03.06.2011;2.0;0;6;0;5;1;1;24.8;0.5161039899498162;53.12505;0.253121;991;0;898;4414;5312
685;15.11.2012;4.0;1;11;0;4;1;2;12.8667;0.40225495488138086;93.06255;0.1529869999999999;601;0;320;5125;5445
368;03.01.2012;1.0;1;1;0;2;1;1;6.0;0.980338030551025;66.1875;0.365671;549;0;89;2147;2236
472;16.04.2012;2.0;1;4;1;1;0;1;26.5667;0.5820998691915936;84.25005;0.284829;740;0;1198;5172;6370
442;17.03.2012;1.0;1;3;0;0;0;2;20.5667;0.21658964599465758;113.37495;0.110704;773;1;3155;4681;7836
257;14.09.2011;3.0;0;9;0;3;1;1;26.9333;0.6423383911986207;104.56245;0.1673;761;0;647;4138;4785
413;17.02.2012;1.0;1;2;0;5;1;1;13.7333;0.36916021556332274;93.84519991166079;0.205846;877;1;349;3805;4154
643;04.10.2012;4.0;1;10;0;4;1;2;26.3;0.5986570493342248;108.43755;0.117546;479;0;891;6437;7328
274;01.10.2011;1.0;0;10;0;6;0;2;16.4;0.09741644159325694;113.0625;0.292296;628;0;480;1949;2429
129;09.05.2011;2.0;0;5;0;1;1;1;21.3;0.3996315297668136;88.3125;0.176;838;0;664;3698;4362
175;24.06.2011;3.0;0;6;0;5;1;1;28.9667;0.71994674848231;85.99995;0.222025;779;0;969;4022;4991
213;01.08.2011;3.0;0;8;0;1;1;1;30.8667;0.9138168242503933;93.84519991166079;0.156717;533;0;729;3537;4266
533;16.06.2012;2.0;1;6;0;6;0;1;25.2667;0.5265223292161489;75.62505;0.166667;932;0;2963;4739;7702
590;12.08.2012;3.0;1;8;0;0;0;1;28.0333;0.6422882938004794;79.56255;0.122512;513;0;2182;4362;6544
221;09.08.2011;3.0;0;8;0;2;1;1;31.0;0.8585245529718334;85.56255;0.151121;464;0;907;3695;4602
269;26.09.2011;1.0;0;9;0;1;1;2;25.9667;0.5853049574991979;127.24995;0.1107;495;1;684;3946;4630
417;21.02.2012;1.0;1;2;0;2;1;1;11.513;0.49696420780205314;89.1522;0.205717;587;0;163;3614;3777
30;30.01.2011;1.0;0;1;0;0;0;1;8.6609;0.3259697002622302;108.3261;0.0739826;548;0;140;956;1096
565;18.07.2012;3.0;1;7;0;3;1;1;31.7333;0.9242242637045298;86.56245;0.137442;977;0;799;4914;5713
594;16.08.2012;3.0;1;8;0;4;1;1;28.7667;0.6735254419096864;77.87505;0.141796;755;0;1338;6267;7605
135;15.05.2011;2.0;0;5;0;0;0;2;22.5;0.22064180791379231;130.06245;0.152979;1024;0;1582;2971;4553
425;29.02.2012;1.0;1;2;0;3;1;2;13.7739;0.0;120.71745;0.179117;629;0;65;1769;1834
227;15.08.2011;3.0;0;8;0;1;1;1;26.6333;0.6230610790236072;106.81245;0.208954;815;0;775;3563;4338
502;16.05.2012;2.0;1;5;0;3;1;1;25.4667;0.5342085477489762;104.68755;0.122512;588;0;991;6433;7424
524;07.06.2012;2.0;1;6;0;4;1;1;24.1;0.4690349959673974;93.84519991166079;0.15735;537;0;1038;6456;7494
188;07.07.2011;3.0;0;7;0;4;1;1;30.0;0.840105477937297;93.84519991166079;0.1592;723;0;754;3838;4592
9;09.01.2011;1.0;0;1;0;0;0;1;5.5333;1.0;65.12505;0.36195;836;0;54;768;822
378;13.01.2012;1.0;1;1;0;5;1;1;10.9667;0.6424105491630864;76.125;0.378108;911;0;174;3040;3214
722;22.12.2012;1.0;1;12;0;6;0;1;10.6333;0.7104595454062634;66.1875;0.407346;572;0;205;1544;1749
4;04.01.2011;1.0;0;1;0;2;1;1;8.0;0.6866916092881189;88.56525;0.160296;734;0;108;1454;1562
557;10.07.2012;1.0;1;7;0;2;1;2;28.8333;0.7810610666099731;100.125;0.1517369999999999;516;1;954;5336;6290
144;24.05.2011;2.0;0;5;0;2;1;2;26.4;0.6107307878975291;111.12495;0.207092;829;0;659;3833;4492
481;25.04.2012;2.0;1;4;0;3;1;1;19.0667;0.4862016799912;64.18755;0.118792;636;0;655;5541;6196
578;31.07.2012;3.0;1;7;0;2;1;1;28.5333;0.7833652498285428;105.62505;0.165425;864;0;968;6248;7216
564;17.07.2012;3.0;1;7;0;2;1;1;32.7333;0.9035414682173603;75.87495;0.114429;809;0;921;5865;6786
683;13.11.2012;1.0;1;11;0;2;1;2;13.7333;0.2986394056656889;99.43755;0.342046;542;0;327;3767;4094
699;29.11.2012;4.0;1;11;0;4;1;1;11.2348;0.5700340400616303;83.3478;0.115522;509;0;243;5080;5323
637;28.09.2012;4.0;1;9;0;5;1;2;24.7667;0.48934309141252597;103.5;0.164179;658;0;1045;6370;7415
548;01.07.2012;3.0;1;7;0;0;0;1;32.6333;1.0;93.84519991166079;0.1685289999999999;860;1;1421;4110;5531
261;18.09.2011;3.0;0;9;0;0;0;1;20.3;0.27894226490304735;104.25;0.178483;750;1;1353;2921;4274
626;17.09.2012;3.0;1;9;0;1;1;2;23.2333;0.3784535842571873;110.18745;0.151742;848;0;1022;5847;6869
681;11.11.2012;4.0;1;11;0;0;0;1;16.8333;0.27478331311855836;98.87505;0.1275;783;0;2290;4562;6852
397;01.02.2012;1.0;1;2;0;3;1;1;18.7667;0.44170013220511584;76.18755;0.189067;787;0;304;4275;4579
8;08.01.2011;1.0;0;1;0;6;0;2;6.6;0.8664922243717058;80.37495;0.266804;990;0;68;891;959
354;20.12.2011;4.0;0;12;0;2;1;2;15.4333;0.3829543353845651;89.31255;0.0615708;867;1;216;3534;3750
304;31.10.2011;4.0;0;10;0;1;1;1;13.6;0.2141781288599358;105.49995;0.10635;720;0;362;3307;3669
597;19.08.2012;3.0;1;8;0;0;0;2;25.4333;0.5329552422872978;93.84519991166079;0.08645;540;0;1208;3341;4549
464;08.04.2012;1.0;1;4;0;0;0;1;20.0;0.5047679593056903;41.37495;0.232596;557;1;2230;2939;5169
119;29.04.2011;2.0;0;4;0;5;1;1;20.4;0.4678487526702178;68.56245;0.240063;911;1;878;3717;4595
132;12.05.2011;2.0;0;5;0;4;1;1;21.4;0.3752481212137128;93.84519991166079;0.189667;983;0;695;4169;4864
562;15.07.2012;1.0;1;7;0;0;0;1;29.8333;0.9253340761514497;107.68755;0.166667;690;1;1920;4111;6031
441;16.03.2012;1.0;1;3;0;5;1;2;17.4333;0.0;126.31245;0.113192;585;0;548;3830;4378
608;30.08.2012;3.0;1;8;0;4;1;1;28.2667;0.6865309952141118;88.56255;0.0771167;592;0;1172;6541;7713
163;12.06.2011;2.0;0;6;0;0;0;1;27.7;0.7336885421257442;112.18755;0.163567;495;0;1467;2993;4460
44;13.02.2011;1.0;0;2;0;0;0;1;12.6609;0.6141577200922622;68.60865;0.260883;686;1;397;1192;1589
367;02.01.2012;1.0;1;1;1;1;0;1;10.9217;0.7141301956986772;57.1956;0.329665;989;0;244;1707;1951
529;12.06.2012;2.0;1;6;0;2;1;2;26.1333;0.6021462859747494;124.99995;0.214546;777;0;477;4495;4972
669;30.10.2012;4.0;1;10;0;2;1;2;12.7273;0.0;123.81825;0.213009;846;0;87;1009;1096
321;17.11.2011;4.0;0;11;0;4;1;2;13.6667;0.45133964661786;86.37495;0.3053619999999999;532;0;139;2914;3053
232;20.08.2011;1.0;0;8;0;6;0;1;27.9;0.708666720663583;101.12505;0.104467;675;0;1914;3277;5191
702;02.12.2012;4.0;1;12;0;0;0;2;13.9;0.0;123.49995;0.1243789999999999;702;0;892;3757;4649
303;30.10.2011;4.0;0;10;0;0;0;1;12.7667;0.3992104140438644;93.5625;0.176617;787;0;885;2446;3331
514;28.05.2012;2.0;1;5;1;1;0;1;28.5;0.7594839119735104;101.4375;0.196521;506;0;2557;3486;6043
501;15.05.2012;2.0;1;5;0;2;1;2;24.4667;0.44135047498881286;119.18745;0.147392;779;0;625;4490;5115
401;05.02.2012;1.0;1;2;0;0;0;2;10.6333;0.3337531445614761;103.18755;0.175996;769;0;318;2629;2947
341;07.12.2011;4.0;0;12;0;3;1;3;16.4;0.32762230094963124;93.84519991166079;0.266175;586;1;50;655;705
277;04.10.2011;4.0;0;10;0;2;1;1;19.3667;0.23320139932179068;106.5;0.205854;819;0;486;3970;4456
408;12.02.2012;1.0;1;2;0;0;0;1;5.1;1.0;69.68745;0.4092119999999999;644;0;73;1456;1529
682;12.11.2012;4.0;1;11;1;1;0;1;19.4;0.18953514875292019;111.25005;0.173517;793;0;1097;5172;6269
206;25.07.2011;3.0;0;7;0;1;1;1;29.7333;0.9602861738320516;113.56245;0.0908083;474;0;568;3272;3840
190;09.07.2011;3.0;0;7;0;6;0;1;29.3333;0.7727213067570576;91.37505;0.1679119999999999;755;0;1988;3348;5336
202;21.07.2011;3.0;0;7;0;4;1;2;32.6;1.0;103.6875;0.222021;788;0;632;3152;3784
620;11.09.2012;1.0;1;9;0;2;1;1;23.1;0.46920722968635575;78.0;0.0920541999999999;469;0;1070;6697;7767
100;10.04.2011;2.0;0;4;0;0;0;2;17.0667;0.0;128.625;0.146767;661;0;1188;1707;2895
312;08.11.2011;4.0;0;11;0;0;1;1;16.3333;0.16220360324297473;108.25005;0.0690375;686;0;376;3829;4205
554;07.07.2012;3.0;1;7;0;6;0;1;34.4667;1.0;73.81245;0.163554;834;0;1448;3392;4840
208;27.07.2011;1.0;0;7;0;3;1;1;31.0;0.6991029026597889;60.43755;0.183463;654;0;755;3901;4656
661;22.10.2012;4.0;1;10;0;1;1;1;19.5;0.39316473436617305;85.24995;0.0814833;599;0;830;6228;7058
162;11.06.2011;2.0;0;6;0;6;0;1;29.0;0.7845045855344996;98.18745;0.15485;841;0;1729;3237;4966
316;12.11.2011;4.0;0;11;0;0;0;1;14.2667;0.46591870362237364;82.93755;0.212062;598;0;1275;2792;4067
353;19.12.2011;4.0;0;12;0;1;1;1;11.0667;0.43299877207940574;95.625;0.172896;703;0;260;3143;3403
726;26.12.2012;1.0;1;12;0;3;1;3;9.7333;0.0;123.49995;0.316546;701;0;9;432;441
654;15.10.2012;4.0;1;10;0;1;1;2;22.4667;0.40659657938076665;93.84519991166079;0.296037;598;0;760;5115;5875
599;21.08.2012;3.0;1;8;0;2;1;1;25.9667;0.5668769011503088;101.0625;0.0727708;964;0;1081;5925;7006
680;10.11.2012;1.0;1;11;0;6;0;1;15.5667;0.3033180691342496;96.81255;0.0578458;901;0;2090;4446;6536
447;22.03.2012;2.0;1;3;0;4;1;1;22.1667;0.22840843171539088;124.6875;0.1175619999999999;750;0;1334;5537;6871
339;05.12.2011;1.0;0;12;0;1;1;2;15.4333;0.0;124.06245;0.0622083;628;0;233;3578;3811
512;26.05.2012;2.0;1;5;0;6;0;1;27.7;0.7247661853885774;109.875;0.198992;869;0;2855;3681;6536
420;24.02.2012;1.0;1;2;0;5;1;2;16.3;0.13012637516551137;110.625;0.237567;944;0;246;3241;3487
248;05.09.2011;3.0;0;9;1;1;0;2;26.9333;0.6766801263352474;118.56255;0.212696;887;1;1236;2115;3351
1;01.01.2011;1.0;0;1;0;6;0;2;13.7667;0.0;120.87495;0.160446;755;0;331;654;985
648;09.10.2012;4.0;1;10;0;2;1;2;17.8667;0.11051034717052013;114.25005;0.1903;611;0;601;5791;6392
313;09.11.2011;4.0;0;11;0;0;1;1;16.0;0.08265195240693844;113.74995;0.0621958;864;0;305;3804;4109
88;29.03.2011;2.0;0;3;0;2;1;1;12.1;0.6582349027264998;47.12505;0.226996;829;0;317;2108;2425
83;24.03.2011;2.0;0;3;0;4;1;2;11.4;0.0;120.87495;0.2437869999999999;861;0;166;1699;1865
305;01.11.2011;4.0;0;11;0;2;1;1;16.0333;0.23330363668259224;102.5625;0.135571;675;0;410;3658;4068
465;09.04.2012;2.0;1;4;0;1;1;1;19.5667;0.5081014570371856;47.625;0.358196;585;1;905;4680;5585
488;02.05.2012;2.0;1;5;0;3;1;1;22.5667;0.2899744216810625;119.56245;0.138058;813;0;667;5502;6169
615;06.09.2012;1.0;1;9;0;4;1;2;27.8667;0.7914980296318298;121.56255;0.142421;598;1;611;5592;6203
712;12.12.2012;4.0;1;12;0;3;1;2;11.9;0.5651117457014;80.74995;0.162937;802;1;310;5009;5319
541;24.06.2012;3.0;1;6;0;0;0;1;29.7333;0.6965749199297366;71.87505;0.145525;731;0;2551;4340;6891
510;24.05.2012;1.0;1;5;0;4;1;1;26.2;0.589559978435731;107.50005;0.172896;706;0;1059;5711;6770
157;06.06.2011;2.0;0;6;0;1;1;1;27.1333;0.6223693513348315;90.0;0.121896;912;0;673;3875;4548
373;08.01.2012;1.0;1;1;0;0;0;1;13.5;0.5786364075495135;69.75;0.191542;969;0;599;2826;3425
161;10.06.2011;2.0;0;6;0;5;1;1;30.2;0.8348694741048246;90.75;0.1405539999999999;840;0;815;3771;4586
314;10.11.2011;4.0;0;11;0;0;1;2;15.2;0.0;121.99995;0.189067;684;1;190;2743;2933
179;28.06.2011;3.0;0;6;0;2;1;1;29.7667;0.8294494768913795;95.12505;0.144283;997;0;732;3916;4648
716;16.12.2012;1.0;1;12;0;0;0;2;14.5;0.0;125.8125;0.100742;491;0;538;3248;3786
398;02.02.2012;1.0;1;2;0;4;1;2;15.9667;0.33120313813802177;93.84519991166079;0.187187;547;0;190;3571;3761
229;17.08.2011;3.0;0;8;0;3;1;1;28.9333;0.7192770312965905;86.31255;0.143667;905;0;668;4026;4694
439;14.03.2012;1.0;1;3;0;3;1;1;22.9;0.46941412272603666;76.06245;0.1150619999999999;887;0;997;5315;6312
103;13.04.2011;2.0;0;4;0;3;1;2;16.5;0.0;122.87505;0.250617;694;1;209;1953;2162
545;28.06.2012;3.0;1;6;0;4;1;1;29.9667;0.6692067712942589;63.375;0.17165;772;0;921;5958;6879
596;18.08.2012;3.0;1;8;0;6;0;1;27.1333;0.6235147604822474;90.49995;0.177867;507;0;2827;5038;7865
315;11.11.2011;4.0;0;11;1;0;0;1;12.9667;0.6100554236244202;66.9375;0.314675;617;0;440;2928;3368
694;24.11.2012;4.0;1;11;0;6;0;1;11.1333;0.454493061223317;93.84519991166079;0.376871;496;0;532;1745;2277
540;23.06.2012;3.0;1;6;0;6;0;1;29.2667;0.7107600757340151;80.18745;0.179721;978;1;2657;4801;7458
490;04.05.2012;2.0;1;5;0;5;1;1;25.1;0.5053424866740941;110.31255;0.162938;476;0;1069;5227;6296
588;10.08.2012;3.0;1;8;0;5;1;2;28.6333;0.8020414505469795;107.37495;0.238813;733;0;1065;4721;5786
656;17.10.2012;4.0;1;10;0;3;1;1;18.2333;0.32607685059173575;93.84519991166079;0.101371;492;1;979;6482;7461
92;02.04.2011;2.0;0;4;0;6;0;2;12.6;0.34538196913793656;98.0625;0.197146;672;0;898;1354;2252
359;25.12.2011;1.0;0;12;0;0;0;1;10.9913;0.33653340618662214;102.1956;0.155091;989;0;303;451;754
496;10.05.2012;2.0;1;5;0;4;1;1;20.2333;0.41126982901212;82.81245;0.314063;550;0;1026;5546;6572
362;28.12.2011;1.0;0;12;0;3;1;1;11.9652;0.6021004514859108;75.58695;0.293961;840;0;255;2047;2302
254;11.09.2011;3.0;0;9;0;0;0;1;26.1333;0.5838991089264678;107.0625;0.1150539999999999;1005;0;1633;3413;5046
421;25.02.2012;1.0;1;2;0;6;0;1;11.6333;0.6826454664324966;59.37495;0.421642;669;0;317;2415;2732
296;23.10.2011;4.0;0;10;0;0;0;1;16.8667;0.12934690981174884;111.1875;0.0995125;607;0;1619;2762;4381
639;30.09.2012;4.0;1;9;0;0;0;1;21.0667;0.3991381805757014;87.49995;0.134958;952;0;2015;4874;6889
146;26.05.2011;2.0;0;5;0;4;1;1;28.3333;0.7463029191312421;101.625;0.199642;720;0;758;3919;4677
197;16.07.2011;3.0;0;7;0;6;0;1;27.4667;0.6359256078873023;87.75;-1.0;731;0;2418;3505;5923
619;10.09.2012;3.0;1;9;0;1;1;1;23.3333;0.4784671200844868;75.5625;0.258713;748;0;1118;6407;7525
252;09.09.2011;3.0;0;9;0;5;1;2;26.0;0.5948936792219528;134.68755;0.1243789999999999;1002;0;417;3127;3544
241;29.08.2011;3.0;0;8;0;1;1;1;25.4667;0.5339443338466495;83.18745;0.159825;587;0;729;3905;4634
357;23.12.2011;1.0;0;12;0;5;1;1;14.9333;0.23420052817614778;102.9375;0.274246;762;0;163;2046;2209
185;04.07.2011;3.0;0;7;1;1;0;2;29.0667;0.7761812646298839;95.68755;0.0814791999999999;749;0;3065;2978;6043
361;27.12.2011;1.0;0;12;0;2;1;2;13.0;0.0727980119959745;114.375;0.18845;517;0;103;1059;1162
471;15.04.2012;2.0;1;4;0;0;0;1;24.2667;0.4985849707309463;76.18755;0.225129;554;0;2846;4286;7132
65;06.03.2011;1.0;0;3;0;0;0;2;15.0609;0.0;142.23915;0.343287;667;0;114;491;605
698;28.11.2012;4.0;1;11;0;3;1;1;11.8667;0.6037917203364038;75.9375;0.210821;935;1;198;5062;5260
189;08.07.2011;3.0;0;7;0;5;1;2;28.3667;0.8087617436028558;113.68755;0.225129;1015;0;692;3348;4040
641;02.10.2012;4.0;1;10;0;2;1;3;23.6333;0.3262080430296051;130.75005;0.104475;499;0;315;4324;4639
255;12.09.2011;3.0;0;9;0;1;1;1;25.7739;0.5552982633055873;103.8261;0.088913;532;0;690;4023;4713
473;17.04.2012;2.0;1;4;0;2;1;1;24.3333;0.5100319959135728;58.56255;0.273629;633;0;989;5702;6691
509;23.05.2012;2.0;1;5;0;3;1;2;24.8667;0.4805712307105115;116.18745;0.102;873;0;766;4494;5260
67;08.03.2011;1.0;0;3;0;2;1;1;11.7;0.6724009343753699;63.12495;0.12065;924;0;316;1817;2133
240;28.08.2011;3.0;0;8;0;0;0;1;28.2824;0.6714155984954349;84.26475;0.304659;615;0;1415;2919;4334
71;12.03.2011;1.0;0;3;0;6;0;1;13.1667;0.43740978825679405;89.18745;0.220775;580;0;724;1408;2132
485;29.04.2012;2.0;1;4;0;0;0;1;18.3333;0.3710692951030721;88.06245;0.116908;869;0;2229;4075;6304
652;13.10.2012;4.0;1;10;0;6;0;1;15.7333;0.49241607597015485;74.18745;0.146142;632;0;2252;4857;7109
721;21.12.2012;1.0;1;12;0;5;1;2;13.0667;0.4971565479973268;83.50005;0.3743829999999999;881;0;221;3402;3623
242;30.08.2011;3.0;0;8;0;2;1;1;25.5667;0.5376581720490031;82.24995;0.1250079999999999;576;1;775;4429;5204
234;22.08.2011;3.0;0;8;0;1;1;1;27.6667;0.6018625784219417;70.5;0.27675;990;0;833;3925;4758
66;07.03.2011;1.0;0;3;0;1;1;1;10.4696;0.6120089864650072;82.6956;0.341352;981;1;244;1628;1872
725;25.12.2012;1.0;1;12;1;2;0;2;11.6522;0.4339269298028013;93.84519991166079;0.168726;699;0;440;573;1013
102;12.04.2011;2.0;0;4;0;2;1;2;20.1;0.21823437008237204;110.87505;0.274879;813;0;257;1777;2034
13;13.01.2011;1.0;0;1;0;4;1;1;6.6;0.9272218297345708;70.56255;0.301;572;1;38;1368;1406
399;03.02.2012;1.0;1;2;0;5;1;1;12.5333;0.5544557099191334;79.00005;0.178496;860;0;310;3841;4151
342;08.12.2011;4.0;0;12;0;4;1;1;10.6333;0.5599853600554315;87.0;0.240058;573;0;150;3172;3322
713;13.12.2012;1.0;1;12;0;4;1;1;11.8333;0.6249276768344028;72.87495;0.174129;676;0;425;5107;5532
253;10.09.2011;3.0;0;9;0;6;0;1;26.4;0.6136106673007535;113.0625;0.153608;560;0;1750;3595;5345
184;03.07.2011;1.0;0;7;0;0;0;2;28.6667;0.778564707473191;102.375;0.228858;722;0;2282;2367;4649
214;02.08.2011;3.0;0;8;0;2;1;1;31.3333;0.7946750683014188;73.6875;0.20585;617;0;801;4044;4845
272;29.09.2011;4.0;0;9;0;4;1;1;24.6667;0.48133788841246405;104.87505;0.1728829999999999;920;0;653;4186;4839
582;04.08.2012;3.0;1;8;0;6;0;1;31.7333;0.9745543672230168;91.99995;0.257458;606;0;2345;4479;6824
267;24.09.2011;4.0;0;9;0;6;0;2;24.2667;0.3965948245751463;129.375;0.0783833;968;0;1776;3647;5423
433;08.03.2012;1.0;1;3;0;4;1;1;21.1;0.4105461111265285;85.125;0.441563;870;0;486;4896;5382
358;24.12.2011;1.0;0;12;0;6;0;1;12.1;0.5516246719061122;81.375;0.190304;803;0;155;856;1011
97;07.04.2011;2.0;0;4;0;4;1;1;17.5;0.3533963679673178;90.43755;0.1623119999999999;929;0;571;2570;3141
363;29.12.2011;1.0;0;12;0;4;1;1;9.9333;0.6041231827083792;86.12505;0.1194119999999999;728;0;254;2169;2423
31;31.01.2011;1.0;0;1;0;1;1;2;7.2333;0.7113429689282937;90.5625;0.187192;901;0;42;1459;1501
117;27.04.2011;2.0;0;4;0;3;1;2;24.8;0.46066421304147787;125.31255;0.3122;849;1;547;3325;3872
332;28.11.2011;4.0;0;11;0;1;1;1;20.1391;0.21470222206975237;111.45645;0.142122;637;0;253;3614;3867
424;28.02.2012;1.0;1;2;0;2;1;1;14.3667;0.5874853353912047;59.37495;0.193417;595;0;229;4134;4363
489;03.05.2012;2.0;1;5;0;4;1;2;22.4;0.3029630259151026;115.24995;0.133696;908;1;764;5657;6421
428;03.03.2012;1.0;1;3;0;6;0;2;16.5667;0.33292675726599896;93.1875;0.161079;642;0;956;3110;4066
406;10.02.2012;1.0;1;2;0;5;1;2;11.2333;0.5916099696361012;81.0;0.1169289999999999;764;0;227;3604;3831
193;12.07.2011;3.0;0;7;0;2;1;1;31.7667;0.9032317209479568;83.87505;0.200254;670;0;662;3596;4258
415;19.02.2012;1.0;1;2;0;0;0;2;11.2;0.6225526963611572;77.37495;0.253112;838;0;618;2071;2689
508;22.05.2012;2.0;1;5;0;2;1;2;24.6;0.4608539024741014;114.87495;0.118167;576;0;819;5254;6073
385;20.01.2012;1.0;1;1;0;5;1;2;8.7;0.8066799404621889;67.5;0.20275;584;0;115;3048;3163
498;12.05.2012;2.0;1;5;0;6;0;1;22.5667;0.47265269094879664;72.06255;0.1231329999999999;813;0;2622;4807;7429
372;07.01.2012;1.0;1;1;0;6;0;1;15.7333;0.45673539226192966;79.75005;0.174758;827;0;1070;3451;4521
503;17.05.2012;2.0;1;5;0;4;1;1;23.7333;0.48327194335179025;78.0;0.229475;882;0;1242;6142;7384
477;21.04.2012;2.0;1;4;0;6;0;1;22.8;0.3859662522556909;102.43755;0.283587;524;0;2541;4083;6624
20;20.01.2011;1.0;0;1;0;4;1;2;10.4667;0.48350053487501;93.84519991166079;0.195904;992;0;83;1844;1927
440;15.03.2012;1.0;1;3;0;4;1;1;22.3;0.42699430076724587;86.93745;0.149883;624;0;1005;5187;6192
55;24.02.2011;1.0;0;2;0;4;1;2;11.8261;0.26888549094914826;104.60865;0.250496;759;0;100;1707;1807
587;09.08.2012;3.0;1;8;0;4;1;1;30.2333;0.8538254353454291;93.06255;0.1561;1006;1;1196;6090;7286
70;11.03.2011;1.0;0;3;0;5;1;2;12.6609;0.3522180815378148;97.43475;0.2329699999999999;487;1;247;1730;1977
550;03.07.2012;3.0;1;7;0;2;1;1;31.2333;0.789528910379784;73.81245;0.126237;790;0;1052;5608;6660
110;20.04.2011;2.0;0;4;0;3;1;1;23.8;0.4599416945595752;92.12505;0.241925;750;1;613;3331;3944
243;31.08.2011;1.0;0;8;0;3;1;1;26.2667;0.5741858848106696;89.68755;0.0833333;628;0;688;4370;5058
469;13.04.2012;2.0;1;4;0;5;1;1;17.7;0.5098734626366493;61.24995;0.155471;965;0;1252;5146;6398
59;28.02.2011;1.0;0;2;0;1;1;2;16.2909;0.3284081086233893;93.84519991166079;0.289686;471;1;81;1365;1446
151;31.05.2011;2.0;0;5;0;2;1;1;31.0;0.9398521499438595;95.50005;0.111329;843;0;673;3309;3982
32;01.02.2011;1.0;0;2;0;2;1;2;7.687;0.0;124.43475;0.0532129999999999;914;0;47;1313;1360
169;18.06.2011;2.0;0;6;0;6;0;1;27.8667;0.7038896433373155;100.56255;0.1194079999999999;617;0;1807;3312;5119
517;31.05.2012;2.0;1;5;0;4;1;1;27.2;0.5914495341898938;73.93755;0.195279;986;0;1100;6238;7338
696;26.11.2012;4.0;1;11;0;1;1;1;12.5333;0.5438735875717969;80.31255;0.04665;1025;0;337;4750;5087
690;20.11.2012;4.0;1;11;0;2;1;2;14.9667;0.23639430806971262;102.75;0.082725;796;0;534;5100;5634
455;30.03.2012;2.0;1;3;0;5;1;2;14.8;0.41561915726218307;87.12495;0.138067;1016;0;796;4663;5459
506;20.05.2012;2.0;1;5;0;0;0;1;24.8333;0.5122466823496626;79.56255;0.254367;783;0;2704;4425;7129
91;01.04.2011;2.0;0;4;0;5;1;2;12.0;0.29076688931685785;102.9375;0.258708;699;1;307;1920;2227
260;17.09.2011;3.0;0;9;0;6;0;2;19.6667;0.230673302889633;107.74995;0.189675;939;1;1434;3077;4511
317;13.11.2011;4.0;0;11;0;0;0;1;17.6333;0.48576805537914786;68.74995;0.281721;829;0;1004;2713;3717
145;25.05.2011;2.0;0;5;0;3;1;1;26.4333;0.6035569911927221;104.4375;0.1542329999999999;702;0;740;4238;4978
695;25.11.2012;4.0;1;11;0;0;0;1;9.8333;0.7336025865969473;70.24995;0.1505;728;0;309;2115;2424
595;17.08.2012;3.0;1;8;0;5;1;1;28.9333;0.7160894530414328;85.62495;0.231354;887;0;1483;5665;7148
519;02.06.2012;2.0;1;6;0;6;0;1;23.3333;0.4654828419464699;82.37505;0.1865619999999999;743;0;2795;5325;8120
427;02.03.2012;1.0;1;3;0;5;1;2;14.1333;0.3024193367564748;98.56245;0.144904;867;0;246;2948;3194
515;29.05.2012;2.0;1;5;0;2;1;1;28.9;0.8009473199376;102.68745;0.2954;598;1;880;4863;5743
670;31.10.2012;4.0;1;10;0;3;1;2;14.3;0.2809127318093816;100.00005;0.166667;747;0;419;5147;5566
284;11.10.2011;4.0;0;10;0;2;1;2;22.6667;0.2875220363725156;121.3125;0.143042;800;0;667;3896;4563
3;03.01.2011;1.0;0;1;0;1;1;1;7.8546;0.8614861733054043;65.59095;0.248309;829;0;120;1229;1349
49;18.02.2011;1.0;0;2;0;5;1;1;20.8667;0.4392312094455522;77.50005;0.264925;681;0;579;2348;2927
673;03.11.2012;4.0;1;11;0;6;0;2;13.7333;0.5492579017043887;73.6875;0.270529;827;0;1029;4109;5138
323;19.11.2011;1.0;0;11;0;6;0;1;13.1667;0.5580202460461016;75.31245;0.224496;1003;0;943;2720;3663
676;06.11.2012;4.0;1;11;0;2;1;1;11.2333;0.5531761025450297;85.06245;0.173513;677;0;466;5220;5686
142;22.05.2011;1.0;0;5;0;0;0;1;24.1667;0.4332714693411655;112.43745;0.148008;703;0;1576;3084;4660
211;30.07.2011;3.0;0;7;0;6;0;1;32.1667;0.8171037139314479;69.87495;0.168537;637;0;1559;2916;4475
437;12.03.2012;1.0;1;3;0;1;1;1;18.6667;0.4554648766691451;73.37505;0.207713;497;0;838;4460;5298
12;12.01.2011;1.0;0;1;0;3;1;1;6.9091;0.7418486326660099;89.93175;0.304627;889;0;25;1137;1162
598;20.08.2012;3.0;1;8;0;1;1;2;25.4333;0.5308852706774132;110.12505;0.1299789999999999;611;0;1026;5504;6530
343;09.12.2011;4.0;0;12;0;5;1;1;11.6333;0.2786182853065073;104.37495;0.0827166999999999;875;0;261;3359;3620
526;09.06.2012;2.0;1;6;0;6;0;1;28.4333;0.6173343488224843;65.56245;0.144287;593;0;2708;4790;7498
251;08.09.2011;3.0;0;9;0;0;1;3;25.3565;0.5077393812146688;140.93475;0.192748;684;1;153;1689;1842
435;10.03.2012;1.0;1;3;0;6;0;1;11.5;0.6890521680609969;52.56255;0.22575;994;1;968;3150;4118
593;15.08.2012;3.0;1;8;0;3;1;1;28.2667;0.7037554930942987;92.93745;0.169771;501;0;1198;6149;7347
394;29.01.2012;1.0;1;1;0;0;0;1;11.3;0.6840528020234031;46.6875;0.24005;836;0;558;2685;3243
228;16.08.2011;3.0;0;8;0;2;1;1;28.0333;0.6657253999233894;86.74995;0.2363289999999999;1019;0;721;4004;4725
708;08.12.2012;4.0;1;12;0;6;0;2;15.2667;0.0;136.6875;0.101379;620;0;1153;4429;5582
42;11.02.2011;1.0;0;2;0;5;1;1;7.5636;0.8341550634395251;75.9546;0.10855;946;0;149;1597;1746
412;16.02.2012;1.0;1;2;0;4;1;2;12.6667;0.10385574770364737;112.93755;0.091425;632;0;74;2931;3005
360;26.12.2011;1.0;0;12;1;1;0;1;12.8696;0.5637147030700863;76.04355;0.239465;465;0;430;887;1317
551;04.07.2012;3.0;1;7;1;3;0;1;31.5667;0.8628687295448342;80.8125;0.13495;702;0;2562;4841;7403
390;25.01.2012;1.0;1;1;0;3;1;1;11.7667;0.39315993861554843;96.5625;0.161071;465;0;467;3803;4270
650;11.10.2012;4.0;1;10;0;4;1;1;17.4;0.48589894422793406;69.49995;0.181596;725;0;834;6736;7570
566;19.07.2012;3.0;1;7;0;4;1;1;30.8;0.8777081436217248;90.06255;0.165429;602;0;888;5703;6591
574;27.07.2012;3.0;1;7;0;5;1;1;31.2667;0.9088192364637229;89.18745;0.152992;948;0;1259;5645;6904
266;23.09.2011;4.0;0;9;0;5;1;2;24.3667;0.35781501373839497;145.875;0.0783667;612;0;258;2137;2395
627;18.09.2012;3.0;1;9;0;2;1;2;24.9333;0.46594100656385473;130.875;0.357587;795;0;371;3702;4073
109;19.04.2011;2.0;0;4;0;2;1;2;20.2333;0.30911798050771166;99.87495;0.157971;707;0;409;2795;3204
612;03.09.2012;3.0;1;9;1;1;0;1;28.3;0.8275746597170852;118.62495;0.151121;469;0;1965;4069;6034
63;04.03.2011;1.0;0;3;0;5;1;2;10.4667;0.5135730265791987;91.56255;0.203346;932;1;214;1730;1944
542;25.06.2012;3.0;1;6;0;1;1;1;28.6333;0.6583727266688356;75.62505;0.300383;932;1;1139;5640;6779
636;27.09.2012;4.0;1;9;0;4;1;2;26.0;0.5710351608411919;103.62495;0.134342;472;0;751;6642;7393
167;16.06.2011;2.0;0;6;0;4;1;2;25.1333;0.5126186387622258;103.24995;0.206471;462;0;545;3222;3767
259;16.09.2011;3.0;0;9;0;5;1;2;18.7667;0.36857330849929393;88.56255;0.164183;467;0;742;4018;4760
87;28.03.2011;1.0;0;3;0;1;1;1;10.5739;0.704938950669722;45.3261;0.212204;870;0;222;1806;2028
603;25.08.2012;3.0;1;8;0;6;0;2;26.4667;0.6099210088329342;106.93755;0.244408;477;0;1829;4224;6053
701;01.12.2012;1.0;1;12;0;6;0;2;11.9333;0.0;121.00005;0.0597041999999999;602;0;951;4240;5191
337;03.12.2011;4.0;0;12;0;6;0;1;11.9667;0.4462479467710011;91.93755;0.0957833;473;0;706;2908;3614
40;09.02.2011;1.0;0;2;0;3;1;2;5.3913;0.9982118895607925;74.21745;0.188839;474;0;53;1552;1605
518;01.06.2012;1.0;1;6;0;5;1;2;26.1667;0.5930868022617558;113.31255;0.237563;853;1;533;3594;4127
478;22.04.2012;2.0;1;4;0;0;0;3;15.8667;0.0;125.31255;0.344546;603;0;120;907;1027
396;31.01.2012;1.0;1;1;0;2;1;1;15.6;0.5467488399286594;62.50005;0.261817;963;0;324;4185;4509
195;14.07.2011;3.0;0;7;0;4;1;1;27.2333;0.5878497662688651;71.4375;0.240667;711;1;888;4196;5084
268;25.09.2011;4.0;0;9;0;0;0;2;25.3667;0.5183432938379781;126.75;0.0503792;1030;0;1544;3466;5010
491;05.05.2012;2.0;1;5;0;6;0;2;24.8667;0.48406756087847524;113.50005;0.152992;1007;0;2496;4387;6883
278;05.10.2011;4.0;0;10;0;3;1;1;21.5333;0.36184518847900476;97.18755;0.17725;935;0;559;4267;4826
724;24.12.2012;1.0;1;12;0;1;1;2;9.2522;0.5438302237305688;93.84519991166079;0.0772303999999999;1030;1;174;746;920
186;05.07.2011;3.0;0;7;0;2;1;1;29.8667;0.7953060362160146;88.56255;0.1262579999999999;874;0;1031;3634;4665
604;26.08.2012;3.0;1;8;0;0;0;2;26.1333;0.6041186797866677;126.87495;0.228858;644;0;1483;3772;5255
476;20.04.2012;2.0;1;4;0;5;1;1;21.0667;0.3051384337326297;104.18745;0.149871;507;0;1340;5950;7290
572;25.07.2012;3.0;1;7;0;3;1;1;28.9667;0.6441115206879968;67.5;0.1648;789;1;1383;6790;8173
231;19.08.2011;3.0;0;8;0;5;1;2;27.4;0.6922396260220245;108.43755;0.139308;687;0;797;3356;4153
280;07.10.2011;1.0;0;10;0;5;1;1;20.4333;0.2949621816372627;102.62505;0.0223917;991;0;949;4036;4985
723;23.12.2012;1.0;1;12;0;0;0;1;9.8333;0.6903046417748452;77.31255;0.1330829999999999;490;0;408;1379;1787
95;05.04.2011;2.0;0;4;0;2;1;2;16.5667;0.30190286658797605;96.31245;0.388067;626;0;167;1628;1795
56;25.02.2011;1.0;0;2;0;5;1;2;14.5739;0.3510407532277191;93.84519991166079;0.346539;493;0;120;1341;1461
632;23.09.2012;4.0;1;9;0;0;0;1;21.1667;0.4652894867436108;70.06245;0.2232579999999999;888;0;2454;5453;7907
371;06.01.2012;1.0;1;1;0;5;1;1;13.3667;0.5063209305814249;81.31245;0.167908;559;0;307;3791;4098
170;19.06.2011;2.0;0;6;0;0;0;2;27.9667;0.7096201096277158;100.00005;0.102;1019;0;1639;3105;4744
218;06.08.2011;3.0;0;8;0;6;0;2;28.6667;0.7363144450672122;93.84519991166079;0.22825;711;0;1521;2773;4294
155;04.06.2011;2.0;0;6;0;6;0;1;25.4;0.5292050299530675;68.4375;-1.0;624;0;1869;3473;5342
492;06.05.2012;2.0;1;5;0;0;0;2;22.5;0.33162171722222433;111.0;0.1498789999999999;527;0;2135;4224;6359
672;02.11.2012;4.0;1;11;0;5;1;1;14.2;0.5041773172100987;78.31245;0.266175;578;0;618;5229;5847
168;17.06.2011;2.0;0;6;0;5;1;1;25.9667;0.5734371535016843;110.37495;0.143029;659;1;863;3981;4844
389;24.01.2012;1.0;1;1;0;2;1;1;13.7;0.3699732898181133;93.84519991166079;0.123767;866;0;439;3900;4339
322;18.11.2011;4.0;0;11;0;5;1;1;10.9667;0.7075460051538768;61.5;0.168533;673;0;245;3147;3392
333;29.11.2011;4.0;0;11;0;2;1;2;18.3333;0.0;124.62495;0.258092;767;0;96;2818;2914
126;06.05.2011;2.0;0;5;0;5;1;1;19.1667;0.33374521368828325;93.84519991166079;0.228246;695;0;894;3714;4608
504;18.05.2012;2.0;1;5;0;5;1;1;22.5667;0.45782240964623744;78.49995;0.136817;550;0;1521;6118;7639
101;11.04.2011;2.0;0;4;0;1;1;2;23.8261;0.423491267019292;107.5434;0.324474;799;0;855;2493;3348
456;31.03.2012;2.0;1;3;0;6;0;2;16.9667;0.1364807844741105;110.74995;0.250617;538;0;2301;3934;6235
576;29.07.2012;3.0;1;7;0;0;0;1;28.8667;0.749723518631321;93.5625;0.170396;523;0;2153;4444;6597
355;21.12.2011;1.0;0;12;0;3;1;2;17.1333;0.0;128.74995;0.2214;942;0;107;2553;2660
171;20.06.2011;2.0;0;6;0;1;1;2;25.4;0.5277843454634065;111.9375;0.155475;1018;0;699;3311;4010
60;01.03.2011;1.0;0;3;0;2;1;1;10.6667;0.6244801152545695;80.25;0.216425;971;0;137;1714;1851
158;07.06.2011;2.0;0;6;0;2;1;1;28.3;0.693026824811393;89.68755;0.187808;464;1;763;4070;4833
308;04.11.2011;4.0;0;11;0;5;1;2;16.1333;0.33439680220091295;93.375;0.271779;769;0;470;3576;4046
302;29.10.2011;4.0;0;10;0;6;0;3;10.1667;0.0;132.375;0.351371;936;0;57;570;627
731;31.12.2012;1.0;1;12;0;1;1;2;8.6333;0.6707268648039134;86.625;0.154846;585;0;439;2290;2729
432;07.03.2012;1.0;1;3;0;3;1;1;16.1667;0.4668303589211845;76.99995;0.345779;490;0;432;4484;4916
178;27.06.2011;3.0;0;6;0;1;1;2;27.3;0.6552304225594863;98.74995;0.107588;819;0;854;3854;4708
212;31.07.2011;3.0;0;7;0;0;0;1;32.2333;0.8384587999006271;72.12495;0.164813;724;0;1524;2778;4302
553;06.07.2012;3.0;1;7;0;5;1;1;33.1333;0.8574249129943047;67.62495;0.146142;797;0;1366;4841;6207
84;25.03.2011;2.0;0;3;0;5;1;1;10.5667;0.6741544291681225;74.25;0.230725;776;0;300;1910;2210
631;22.09.2012;3.0;1;9;0;6;0;1;26.0;0.5660251162593268;97.00005;0.283583;963;0;47138;5883;53021
728;28.12.2012;1.0;1;12;0;5;1;2;10.1333;0.5671512882894802;88.5;0.155471;562;0;644;2451;3095
172;21.06.2011;3.0;0;6;0;2;1;2;27.2333;0.698986483841155;115.56255;0.171025;474;0;774;4061;4835
618;09.09.2012;1.0;1;9;0;0;0;1;24.4;0.4966000272041635;82.125;0.224496;494;0;2570;5657;8227
223;11.08.2011;3.0;0;8;0;4;1;1;28.7;0.6210746060980271;63.5625;0.164796;980;0;812;3980;4792
2;02.01.2011;1.0;0;1;0;0;0;2;14.5391;0.2177709102176362;104.41305;0.2485389999999999;837;1;131;670;801
688;18.11.2012;4.0;1;11;0;0;0;1;13.7;0.23596393111510816;103.93755;0.2276119999999999;899;0;922;3747;4669
51;20.02.2011;1.0;0;2;0;0;0;1;11.4087;0.6890345313537637;61.1739;0.223235;628;0;639;1173;1812
147;27.05.2011;2.0;0;5;0;5;1;1;27.2667;0.6509760817118139;98.0625;0.240679;789;0;871;3808;4679
247;04.09.2011;3.0;0;9;0;0;0;1;28.3667;0.7964313425631048;111.31245;0.206467;606;0;2521;2419;4940
570;23.07.2012;3.0;1;7;0;1;1;1;29.6667;0.8820086314126172;104.12505;0.138683;603;0;1135;5831;6966
10;10.01.2011;1.0;0;1;0;1;1;1;6.0333;0.9591953411268962;72.43755;0.223267;897;0;41;1280;1321
217;05.08.2011;3.0;0;8;0;5;1;1;28.4333;0.7227471112447686;94.62495;0.184696;747;0;1023;3843;4866
684;14.11.2012;4.0;1;11;0;3;1;1;11.5667;0.560649173757441;82.81245;0.199625;478;0;373;5122;5495
75;16.03.2011;1.0;0;3;0;3;1;2;14.6087;0.028866103347652463;116.4783;0.203117;837;0;321;1871;2192
610;01.09.2012;3.0;1;9;0;6;0;2;30.1333;0.8647525232830116;95.74995;0.113187;823;0;2352;3788;6140
544;27.06.2012;3.0;1;6;0;3;1;1;27.9;0.5739868575092896;54.0;0.271775;897;0;1077;6258;7335
495;09.05.2012;2.0;1;5;0;3;1;2;23.0;0.3582541136896162;111.62505;0.216412;571;0;620;4097;4717
443;18.03.2012;1.0;1;3;0;0;0;2;18.9;0.05835119407978766;121.5;0.126883;1016;1;2207;3685;5892
561;14.07.2012;3.0;1;7;0;6;0;2;28.1333;0.7436782031191818;104.87505;0.143679;809;0;2355;4614;6969
692;22.11.2012;1.0;1;11;1;4;0;1;13.6;0.44651159325375145;87.06255;0.0528708;535;0;955;1470;2425
494;08.05.2012;1.0;1;5;0;2;1;2;23.2667;0.40684351089783233;102.87495;0.296029;596;0;738;4990;5728
99;09.04.2011;2.0;0;4;0;6;0;2;13.7;0.0;131.625;0.1330829999999999;803;0;879;1576;2455
54;23.02.2011;1.0;0;2;0;3;1;1;8.8696;0.8074972921248347;63.45645;0.094113;674;1;139;1778;1917
250;07.09.2011;3.0;0;9;0;3;1;3;23.9667;0.33524299208715436;137.56245;0.0970208;892;0;118;1878;1996
131;11.05.2011;2.0;0;5;0;3;1;1;21.7;0.3781135230020993;94.93755;0.120642;549;0;550;3632;4182
500;14.05.2012;2.0;1;5;0;1;1;2;22.9333;0.32232345529994577;118.43745;0.212692;768;0;342;2501;2843
522;05.06.2012;2.0;1;6;0;2;1;2;21.6333;0.39012878967440356;91.99995;0.209575;831;0;968;6033;7001
538;21.06.2012;3.0;1;6;0;4;1;1;32.2333;0.952365361862654;85.18755;0.1187869999999999;692;0;778;5127;5905
191;10.07.2011;3.0;0;7;0;0;0;1;29.9;0.7865426467613196;86.74995;0.183471;492;0;1743;3138;4881
238;26.08.2011;3.0;0;8;0;5;1;1;28.0;0.772559937110612;114.1875;0.0839625;875;0;768;3893;4661
80;21.03.2011;2.0;0;3;0;1;1;2;17.2174;0.1421547335585787;110.60865;0.288783;817;0;401;1676;2077
47;16.02.2011;1.0;0;2;0;3;1;1;12.7304;0.630843041008671;63.5217;0.251791;1029;0;218;1897;2115
6;06.01.2011;1.0;0;1;0;4;1;1;8.1739;0.7826096239958595;77.73915;0.0895652;734;1;88;1518;1606
414;18.02.2012;1.0;1;2;0;6;0;1;13.8667;0.49979897164096926;80.18745;0.190929;900;0;1435;2883;4318
384;19.01.2012;1.0;1;1;0;0;1;1;7.6;0.8402519000828313;74.625;0.220158;637;0;130;3162;3292
166;15.06.2011;1.0;0;6;0;3;1;1;25.0667;0.5212122624295331;70.75005;0.1679119999999999;749;0;769;4411;5180
375;10.01.2012;1.0;1;1;0;2;1;1;12.3478;0.3679207754630688;96.9783;0.187552;598;0;173;3425;3598
282;09.10.2011;4.0;0;10;0;0;0;1;21.6333;0.2971523401304817;109.125;0.06345;581;0;2397;3114;5511
224;12.08.2011;1.0;0;8;0;5;1;1;28.3333;0.6048102096906167;62.25;-1.0;835;0;1051;3854;4905
521;04.06.2012;2.0;1;6;0;1;1;1;23.9;0.4933992659748363;73.06245;0.284833;860;0;1071;5927;6998
293;20.10.2011;4.0;0;10;0;4;1;1;19.0333;0.3201268602913301;95.4375;0.422275;751;1;471;3724;4195
635;26.09.2012;4.0;1;9;0;3;1;1;25.4;0.5311525685834844;94.62495;0.2444;1001;0;787;6946;7733
215;03.08.2011;3.0;0;8;0;3;1;2;29.2667;0.8094310773258501;98.625;0.1355829999999999;934;0;467;3107;3574
607;29.08.2012;3.0;1;8;0;3;1;1;27.4;0.6197315251976303;82.81245;0.112562;575;0;1177;6520;7697
177;26.06.2011;3.0;0;6;0;0;0;1;27.2;0.5975604408075289;76.99995;0.0945333;976;0;1920;3385;5305
36;05.02.2011;1.0;0;2;0;6;0;2;9.3333;0.0;139.37505;0.161079;707;0;100;905;1005
438;13.03.2012;1.0;1;3;0;2;1;1;22.6;0.41544641634770757;92.625;0.23695;889;0;762;5085;5847
461;05.04.2012;1.0;1;4;0;4;1;1;17.4;0.5255124975001578;56.12505;0.219529;518;1;1192;5265;6457
311;07.11.2011;4.0;0;11;0;0;1;1;15.8;0.07966240979883786;113.8125;0.057225;606;0;373;3662;4035
379;14.01.2012;1.0;1;1;0;6;0;1;7.2;0.8941548310559645;68.625;0.187183;944;0;333;2160;2493
391;26.01.2012;1.0;1;1;0;4;1;2;13.6667;0.04787799218346182;115.43745;0.0733958;784;1;244;3831;4075
664;25.10.2012;4.0;1;10;0;4;1;2;22.0;0.24735991253696293;120.06255;0.124375;492;0;875;6484;7359
710;10.12.2012;4.0;1;12;0;1;1;2;17.4333;0.0;138.75;0.190308;1031;0;329;4841;5170
563;16.07.2012;1.0;1;7;0;1;1;1;30.5333;0.9077661254161632;96.75;0.164187;639;0;1088;5742;6830
678;08.11.2012;1.0;1;11;0;4;1;1;14.087;0.6027740652026138;50.0217;0.347835;554;0;340;4975;5315
457;01.04.2012;2.0;1;4;0;0;0;2;17.0333;0.2477779604660123;101.4375;0.172267;664;0;2347;3694;6041
625;16.09.2012;3.0;1;9;0;0;0;1;23.2;0.45481505092609176;85.5;0.0901833;589;0;2166;5167;7333
616;07.09.2012;1.0;1;9;0;5;1;1;28.1333;0.6980518372159592;93.84519991166079;0.171646;929;0;1045;6459;7504
410;14.02.2012;1.0;1;2;0;2;1;2;12.7667;0.5656357548164376;76.3125;0.141179;921;1;135;3787;3922
130;10.05.2011;2.0;0;5;0;2;1;1;21.3;0.45648034913440255;73.37505;0.115671;473;0;694;4109;4803
319;15.11.2011;4.0;0;11;0;2;1;2;21.2;0.3155701398604737;103.3125;0.199633;852;0;449;3746;4195
225;13.08.2011;3.0;0;8;0;6;0;2;27.4333;0.6985086273033295;109.43745;0.211454;935;0;1504;2646;4150
5;05.01.2011;1.0;0;1;0;3;1;1;9.0783;0.791511723952131;65.54355;0.1869;745;0;82;1518;1600
150;30.05.2011;2.0;0;5;1;1;0;1;29.3333;0.8409196434059958;102.75;0.131225;483;0;1549;2549;4098
727;27.12.2012;1.0;1;12;0;4;1;2;10.1667;0.4381766009479161;97.93755;0.3501329999999999;561;0;247;1867;2114
160;09.06.2011;2.0;0;6;0;4;1;2;32.3333;0.9612142215095942;85.24995;0.149883;906;0;563;3352;3915
207;26.07.2011;3.0;0;7;0;2;1;1;30.8667;0.8164544767748484;81.12495;0.200258;692;0;750;3840;4590
479;23.04.2012;1.0;1;4;0;1;1;2;12.8667;0.0626680863158021;115.00005;0.303496;512;1;195;3019;3214
381;16.01.2012;1.0;1;1;1;1;0;1;7.6;0.8143564701014973;78.375;0.2313579999999999;709;0;217;2081;2298
374;09.01.2012;1.0;1;1;0;1;1;2;8.9667;0.37097523081557454;105.25005;0.0989;644;0;106;2270;2376
118;28.04.2011;1.0;0;4;0;4;1;2;24.7;0.49635927910101996;93.84519991166079;0.3209079999999999;763;0;569;3489;4058
505;19.05.2012;2.0;1;5;0;6;0;1;24.0;0.49980345878727767;68.4375;0.083975;1030;0;38061;4884;42945
73;14.03.2011;1.0;0;3;0;1;1;1;13.0087;0.5686319042274881;74.54355;0.136926;926;0;359;1687;2046
62;03.03.2011;1.0;0;3;0;4;1;1;7.9333;0.8268931597496888;47.74995;0.225754;759;0;123;1562;1685
530;13.06.2012;2.0;1;6;0;3;1;1;26.2333;0.5699552736566228;87.31245;0.343279;865;0;1173;6248;7421
33;02.02.2011;1.0;0;2;0;3;1;2;10.4;0.08688320514553503;116.31255;0.264308;678;0;72;1454;1526
57;26.02.2011;1.0;0;2;0;6;0;1;11.3;0.5913434751177586;80.68755;0.186571;522;0;424;1545;1969
405;09.02.2012;1.0;1;2;0;4;1;1;10.6;0.5898913191166947;84.31245;0.194037;1010;0;163;3667;3830
400;04.02.2012;1.0;1;2;0;6;0;2;10.5667;0.06836711983011443;116.93745;0.121896;953;1;384;2448;2832
392;27.01.2012;1.0;1;1;0;5;1;2;17.0;0.13133460373899528;111.1875;0.342667;977;0;269;3187;3456
613;04.09.2012;3.0;1;9;0;2;1;1;29.0333;0.8784901041004325;113.25;0.236321;872;0;867;5997;6864
29;29.01.2011;1.0;0;1;0;6;0;1;7.8609;0.6248125182778788;93.84519991166079;0.145365;1018;0;123;975;1098
475;19.04.2012;2.0;1;4;0;4;1;1;19.9333;0.3570892323563267;91.875;0.0659292;584;0;846;5719;6565
307;03.11.2011;4.0;0;11;0;4;1;1;16.3333;0.32809345735334494;93.84519991166079;0.136817;1021;0;318;3656;3974
340;06.12.2011;4.0;0;12;0;2;1;3;18.5;0.0;142.43745;0.2325829999999999;459;0;126;2468;2594
114;24.04.2011;2.0;0;4;0;0;0;2;23.2667;0.33291619268657086;121.62495;0.192175;697;0;1710;2481;4191
674;04.11.2012;4.0;1;11;0;0;0;1;13.0333;0.5288250489712333;79.93755;0.179108;684;0;1201;3906;5107
454;29.03.2012;1.0;1;3;0;4;1;1;19.7667;0.47708836352584727;65.87505;0.31965;956;0;834;5299;6133
165;14.06.2011;2.0;0;6;0;2;1;1;24.1667;0.496215463522632;76.06245;0.269283;858;0;727;4164;4891
300;27.10.2011;4.0;0;10;0;4;1;2;18.8;0.04850301733035691;121.93755;0.197763;518;0;240;2419;2659
532;15.06.2012;2.0;1;6;0;5;1;1;25.5667;0.5390494399074613;88.43745;0.176617;709;0;1563;6102;7665
560;13.07.2012;3.0;1;7;0;5;1;2;29.2667;0.678174736711701;72.87495;0.08085;500;0;1511;5988;7499
467;11.04.2012;2.0;1;4;0;3;1;1;13.9478;0.5605785329351157;70.43475;0.295274;767;0;482;4380;4862
567;20.07.2012;3.0;1;7;0;5;1;2;26.6333;0.6622473219380329;126.62505;0.208967;685;0;747;5123;5870
134;14.05.2011;2.0;0;5;0;6;0;2;20.8333;0.0;138.375;0.13495;928;0;902;2507;3409
106;16.04.2011;2.0;0;4;0;6;0;3;17.2333;0.0;133.24995;0.340808;577;0;121;674;795
585;07.08.2012;3.0;1;8;0;2;1;2;29.4333;0.8690424513500352;105.5625;0.116908;714;0;1278;5995;7273
325;21.11.2011;4.0;0;11;0;1;1;3;17.9;0.0;136.5;0.138054;865;0;220;2545;2765
58;27.02.2011;1.0;0;2;0;0;0;1;13.7391;0.26323796031078467;102.0;0.125248;736;0;694;1708;2402
263;20.09.2011;3.0;0;9;0;2;1;2;22.4667;0.20338054468690342;132.1875;0.134954;736;0;438;3203;3641
386;21.01.2012;1.0;1;1;0;6;0;2;6.9333;0.009780126852876079;124.6875;0.222642;798;0;67;1234;1301
153;02.06.2011;2.0;0;6;0;4;1;1;28.6;0.5743976176936232;45.75;0.2922869999999999;740;1;736;4232;4968
451;26.03.2012;2.0;1;3;0;1;1;1;17.8333;0.4706247775601781;71.68755;0.386821;747;0;795;4763;5558
537;20.06.2012;2.0;1;6;0;3;1;1;31.3;0.9083848589490288;88.81245;0.1138119999999999;772;0;872;5339;6211
419;23.02.2012;1.0;1;2;0;4;1;1;18.1667;0.4045773964521132;83.18745;0.190913;509;0;516;4546;5062
152;01.06.2011;2.0;0;6;0;3;1;2;30.5667;0.9507752286102746;101.56245;0.207092;694;0;513;3461;3974
445;20.03.2012;1.0;1;3;0;2;1;1;22.4333;0.27085814917970447;121.18755;0.121271;605;1;1051;5042;6093
275;02.10.2011;4.0;0;10;0;0;0;2;14.2667;0.0;118.75005;0.222013;485;0;616;2302;2918
668;29.10.2012;4.0;1;10;0;1;1;3;17.6;0.0;132.0;0.3582;1028;1;2;20;22
644;05.10.2012;4.0;1;10;0;5;1;1;24.6;0.49131854344667386;94.125;0.10635;484;0;1516;6640;8156
127;07.05.2011;2.0;0;5;0;6;0;1;20.8;0.4238605078247925;81.1875;0.16045;1014;0;1612;3102;4714
376;11.01.2012;1.0;1;1;0;3;1;2;10.9667;0.0;127.125;0.131221;715;0;92;2085;2177
236;24.08.2011;3.0;0;8;0;3;1;1;26.9333;0.6124200339167398;90.75;-1.0;935;0;949;4181;5130
573;26.07.2012;3.0;1;7;0;4;1;1;31.0667;0.8949610587388132;89.50005;0.284813;1012;0;1036;5825;6861
645;06.10.2012;4.0;1;10;0;6;0;1;22.1667;0.37152299198190536;99.62505;0.268025;755;0;3031;4934;7965
370;05.01.2012;1.0;1;1;0;4;1;1;10.6333;0.639526910843746;78.62505;0.129987;983;0;140;3132;3272
125;05.05.2011;1.0;0;5;0;4;1;1;18.3667;0.4849551656246332;66.62505;0.295392;789;0;614;3819;4433
21;21.01.2011;1.0;0;1;0;5;1;1;7.1;0.9008457518670276;68.56245;0.353242;725;0;75;1468;1543
351;17.12.2011;4.0;0;12;0;0;0;2;10.3333;0.6047841772661843;84.12495;0.243167;660;0;275;2464;2739
659;20.10.2012;4.0;1;10;0;6;0;1;19.3667;0.388355361012564;85.93755;0.1175369999999999;988;0;2806;5284;8090
345;11.12.2011;4.0;0;12;0;0;0;1;8.8333;0.5668791292451525;93.84519991166079;0.0665417;695;0;377;2366;2743
528;11.06.2012;2.0;1;6;0;1;1;2;28.8333;0.7214902899084887;88.18755;0.207713;907;0;1017;5647;6664
493;07.05.2012;2.0;1;5;0;1;1;2;21.5;0.3476994142882334;99.62505;0.230721;893;1;1008;5265;6273
270;27.09.2011;4.0;0;9;0;2;1;2;25.4667;0.5269372001581003;132.81255;0.118171;903;1;477;3643;4120
82;23.03.2011;2.0;0;3;0;3;1;2;13.8783;0.0;125.93475;0.234261;516;0;203;1918;2121
642;03.10.2012;4.0;1;10;0;3;1;2;26.3;0.6126454815163953;119.0625;0.0665458;727;0;728;6844;7572
611;02.09.2012;3.0;1;9;0;0;0;2;27.8667;0.7946670364739261;122.25;0.0640708;946;0;2613;3197;5810
720;20.12.2012;4.0;1;12;0;4;1;2;13.2;0.2999958777447945;100.18755;0.132463;883;0;314;3814;4128
525;08.06.2012;2.0;1;6;0;5;1;1;25.9667;0.5450706631543638;70.18755;0.1753829999999999;968;0;1488;6248;7736
338;04.12.2011;4.0;0;12;0;0;0;1;13.2333;0.03325274406097078;116.37495;0.0839583;998;1;634;2851;3485
715;15.12.2012;4.0;1;12;0;6;0;1;12.9667;0.3419281579230548;97.56255;0.10635;619;0;767;4280;5047
402;06.02.2012;1.0;1;2;0;1;1;1;11.3044;0.45432254766990665;93.3261;0.1538;750;0;206;3578;3784
43;12.02.2011;1.0;0;2;0;6;0;1;8.9;0.7062564210316176;81.62505;0.203367;709;0;288;1184;1472
448;23.03.2012;2.0;1;3;0;5;1;2;24.0667;0.4464427768971695;104.12505;0.1163;535;1;26150;5893;32043
46;15.02.2011;1.0;0;2;0;2;1;1;10.6435;0.7094121333219141;47.1522;0.2913739999999999;565;0;140;1675;1815
156;05.06.2011;2.0;0;6;0;0;0;2;25.9333;0.5625754491654497;97.875;0.138692;495;0;1685;3221;4906
149;29.05.2011;2.0;0;5;0;0;0;1;26.7;0.604465641129757;93.84519991166079;0.213938;667;1;2355;2433;4788
199;18.07.2011;3.0;0;7;0;1;1;1;29.8667;0.8552965800217167;97.6875;0.215804;840;0;841;3617;4458
123;03.05.2011;2.0;0;5;0;2;1;2;24.6667;0.48176642788457363;104.56245;0.342667;666;0;603;3848;4451
520;03.06.2012;2.0;1;6;0;0;0;1;24.1;0.49671508290654975;73.99995;0.184087;502;1;2494;5147;7641
294;21.10.2011;4.0;0;10;0;5;1;1;17.1;0.3900853845173856;86.12505;0.221396;918;0;676;3628;4304
364;30.12.2011;1.0;0;12;0;5;1;1;12.4667;0.38394562780606345;95.50005;0.1343369999999999;918;0;491;2508;2999
289;16.10.2011;4.0;0;10;0;0;0;1;20.4667;0.4535581664083832;73.00005;0.281717;576;1;1748;3293;5041
111;21.04.2011;2.0;0;4;0;4;1;1;18.3667;0.5015553017198584;61.06245;0.325258;995;0;745;3444;4189
671;01.11.2012;4.0;1;11;0;4;1;2;14.6333;0.41811395458966183;87.25005;0.157346;746;1;466;5520;5986
382;17.01.2012;1.0;1;1;0;2;1;2;14.9217;0.17209683409030116;107.41305;0.34913;786;0;127;2808;2935
558;11.07.2012;3.0;1;7;0;3;1;1;28.6667;0.7417909710614176;94.99995;0.1517329999999999;707;0;975;6289;7264
507;21.05.2012;2.0;1;5;0;1;1;2;23.9333;0.4618618608050391;93.84519991166079;0.233204;967;0;630;3729;4359
539;22.06.2012;3.0;1;6;0;5;1;1;31.1;0.870005134593828;86.0625;0.182842;885;0;964;4859;5823
329;25.11.2011;1.0;0;11;0;5;1;1;15.0;0.31294880268836933;96.5625;0.0988958;931;0;1095;1697;2792
403;07.02.2012;1.0;1;2;0;2;1;1;14.1667;0.5312064777643343;74.4375;0.147379;821;0;199;4176;4375
138;18.05.2011;2.0;0;5;0;3;1;2;22.0;0.39196425913002186;93.84519991166079;0.201492;832;0;536;3319;3855
297;24.10.2011;4.0;0;10;0;1;1;1;18.5333;0.11157130230489401;115.81245;0.118792;645;0;699;3488;4187
28;28.01.2011;1.0;0;1;0;5;1;2;8.1391;0.10869161621789335;118.95645;0.1233;854;0;38;1129;1167
667;28.10.2012;1.0;1;10;0;0;0;2;19.1;0.24761408531680537;104.18745;0.398008;822;0;998;3461;4459
122;02.05.2011;2.0;0;5;0;1;1;2;21.9667;0.39097472721786025;93.84519991166079;0.183454;504;0;847;3554;4401
37;06.02.2011;1.0;0;2;0;0;0;1;11.4333;0.5425913891160107;85.24995;0.1418;565;0;354;1269;1623
292;19.10.2011;4.0;0;10;0;3;1;3;21.6696;0.11269685709182731;134.28255;0.243339;502;0;254;2170;2424
535;18.06.2012;2.0;1;6;0;1;1;2;22.7333;0.3170559897266381;116.68755;0.174746;711;0;653;4446;5099
468;12.04.2012;2.0;1;4;0;4;1;1;15.9;0.5110584498027861;69.9375;0.290429;765;0;663;4746;5409
164;13.06.2011;2.0;0;6;0;1;1;1;25.4;0.530359140386635;74.18745;0.30535;706;0;863;4157;5020
96;06.04.2011;2.0;0;4;0;3;1;1;15.6333;0.5137058007738261;70.62495;0.263063;789;0;413;2395;2808
482;26.04.2012;2.0;1;4;0;4;1;2;19.9333;0.3443101258587851;93.84519991166079;0.176625;946;0;475;4551;5026
205;24.07.2011;3.0;0;7;0;0;0;1;33.2;1.0;82.62495;0.169171;561;0;1050;2556;3606
174;23.06.2011;3.0;0;6;0;4;1;2;29.1333;0.8393341700150841;105.49995;0.238804;925;0;746;4044;4790
589;11.08.2012;1.0;1;8;0;6;0;2;27.7;0.7250049227158125;109.93755;0.206479;538;0;2247;4052;6299
230;18.08.2011;3.0;0;8;0;4;1;1;28.4667;0.7413443191957754;98.18745;0.233208;846;0;639;3166;3805
649;10.10.2012;4.0;1;10;0;3;1;1;20.5667;0.3512618163689658;94.62495;0.187821;634;1;780;6911;7691
265;22.09.2011;3.0;0;9;0;4;1;2;25.1333;0.4836993144703544;135.31245;0.128125;919;0;555;4240;4795
79;20.03.2011;1.0;0;3;0;0;0;1;13.3;0.5787444309146131;71.0625;0.207721;870;0;1047;1424;2471
434;09.03.2012;1.0;1;3;0;5;1;2;16.4333;0.5324541178334752;61.06245;0.4148;576;0;447;4122;4569
393;28.01.2012;1.0;1;1;0;6;0;1;12.6333;0.5301304326842602;81.49995;0.210829;479;0;775;3248;4023
143;23.05.2011;1.0;0;5;0;1;1;2;25.2667;0.5113241109506522;121.5;0.233842;545;0;836;3438;4274
543;26.06.2012;3.0;1;6;0;2;1;1;25.2333;0.5226987903264368;55.99995;0.347642;683;0;1077;6365;7442
26;26.01.2011;1.0;0;1;0;3;1;3;8.7;0.0;129.375;0.29385;602;0;34;472;506
112;22.04.2011;2.0;0;4;0;5;1;2;13.4667;0.1535262319391369;109.43745;0.219521;540;1;177;1506;1683
41;10.02.2011;1.0;0;2;0;4;1;1;5.7739;0.9968014390741344;65.60865;0.221935;840;0;47;1491;1538
719;19.12.2012;1.0;1;12;0;3;1;1;13.3;0.3807018766387333;93.81255;0.184092;951;0;333;4934;5267
429;04.03.2012;1.0;1;3;0;0;0;1;13.0333;0.6277166734860998;60.49995;0.334571;569;0;710;2713;3423
600;22.08.2012;3.0;1;8;0;3;1;1;26.7;0.6184263029741935;101.56245;0.0702833;553;0;1094;6281;7375
663;24.10.2012;4.0;1;10;0;3;1;1;23.5;0.43992280184340693;95.4375;0.0727791999999999;707;0;795;6898;7693
463;07.04.2012;2.0;1;4;0;6;0;1;17.5;0.5224874464416879;38.12505;0.274871;875;0;3252;3605;6857
104;14.04.2011;2.0;0;4;0;4;1;1;18.7;0.41599251503299994;81.06255;0.1107;726;0;529;2738;3267
395;30.01.2012;1.0;1;1;0;1;1;1;10.7667;0.7185943972106911;60.12495;0.215792;470;0;126;3498;3624
226;14.08.2011;3.0;0;8;0;0;0;2;27.0667;0.7025428409096454;122.625;0.222633;959;0;1338;2482;3820
309;05.11.2011;4.0;0;11;0;6;0;1;13.0667;0.543573663383991;77.87505;0.1890619999999999;563;0;1156;2770;3926
624;15.09.2012;3.0;1;9;0;6;0;1;24.3333;0.5010760236835567;75.25005;0.247521;820;0;30378;5554;35932
256;13.09.2011;3.0;0;9;0;2;1;1;26.0333;0.5760417699197035;106.875;0.1418039999999999;652;1;701;4062;4763
679;09.11.2012;1.0;1;11;0;5;1;1;14.4667;0.47548676880310864;81.12495;0.214558;738;0;709;5283;5992
647;08.10.2012;4.0;1;10;1;1;0;2;15.3333;0.18444821621175134;106.43745;0.189679;925;0;874;4604;5478
423;27.02.2012;1.0;1;2;0;1;1;1;14.6667;0.521815160460323;73.62495;0.2680329999999999;490;0;253;4069;4322
622;13.09.2012;3.0;1;9;0;4;1;1;24.5;0.4847414843146906;95.56245;0.0827208;702;0;1054;6750;7804
662;23.10.2012;4.0;1;10;0;2;1;1;21.7667;0.3851843629978876;93.84519991166079;0.0945458;601;0;841;6625;7466
629;20.09.2012;3.0;1;9;0;4;1;1;21.8667;0.39293879852123376;92.74995;0.118167;990;1;939;6781;7720
707;07.12.2012;4.0;1;12;0;5;1;2;12.8333;0.07012692497733736;114.62505;0.1306;708;0;349;4659;5008
601;23.08.2012;3.0;1;8;0;4;1;1;27.8333;0.6826374597118514;95.37495;0.0845958;665;0;1363;6402;7765
486;30.04.2012;2.0;1;4;0;1;1;2;18.5667;0.38881508468895126;85.5;0.171638;628;0;665;4907;5572
140;20.05.2011;2.0;0;5;0;5;1;1;21.4667;0.29700722223373516;107.93745;0.125013;528;0;909;4008;4917
187;06.07.2011;3.0;0;7;0;3;1;1;28.8;0.8423443715169893;111.49995;0.149883;780;0;784;3845;4629
330;26.11.2011;4.0;0;11;0;6;0;1;15.0333;0.24237725950730923;102.25005;0.0684208;602;0;1249;1819;3068
249;06.09.2011;3.0;0;9;0;2;1;3;21.6;0.1170597506385017;133.04355;0.343943;763;0;204;2506;2710
98;08.04.2011;2.0;0;4;0;5;1;2;13.4333;0.0;125.4375;0.226992;907;0;172;1299;1471
584;06.08.2012;3.0;1;8;0;1;1;2;30.1;0.8791871386199871;98.12505;0.129354;861;1;1233;5780;7013
115;25.04.2011;2.0;0;4;0;1;1;1;24.2667;0.4309334807191091;116.50005;0.185333;757;0;773;3300;4073
288;15.10.2011;4.0;0;10;0;6;0;1;20.2667;0.45491318492750243;72.49995;0.258083;1021;1;1899;3318;5217
48;17.02.2011;1.0;0;2;0;4;1;1;17.4333;0.4549993105309036;75.75;0.230104;756;0;259;2216;2475
617;08.09.2012;3.0;1;9;0;6;0;2;26.3667;0.6205849879308971;119.87505;0.281104;824;0;1557;4419;5976
655;16.10.2012;4.0;1;10;0;2;1;1;18.7333;0.39997260773278165;83.74995;0.182221;513;0;922;6612;7534
50;19.02.2011;1.0;0;2;0;6;0;1;15.9667;0.5056790231365214;28.18755;0.507463;623;0;532;1103;1635
52;21.02.2011;1.0;0;2;1;1;0;2;12.1333;0.45439092002879045;90.75;0.307846;802;0;195;912;1107
404;08.02.2012;1.0;1;2;0;3;1;2;10.2667;0.253261559248328;108.43755;0.133721;510;0;109;2693;2802
418;22.02.2012;1.0;1;2;0;3;1;1;15.8333;0.4131364140423872;85.18755;0.234471;655;0;394;4379;4773
258;15.09.2011;1.0;0;9;0;4;1;2;23.1;0.38550619956199134;106.37505;0.271146;501;0;428;3231;3659
262;19.09.2011;3.0;0;9;0;1;1;2;21.9667;0.3443470985518793;103.5;0.151742;912;0;691;3848;4539
581;03.08.2012;3.0;1;8;0;5;1;2;30.6333;0.91380182533943;96.375;0.215792;937;1;1328;5847;7175
623;14.09.2012;3.0;1;9;0;5;1;1;25.3333;0.5262293861854395;100.875;0.103863;918;0;1379;6630;8009
279;06.10.2011;4.0;0;10;0;4;1;1;19.7667;0.3465412887869638;93.12495;0.134954;1017;0;639;4126;4765
348;14.12.2011;1.0;0;12;0;0;1;2;12.7;0.3215167463201254;99.5625;0.0609583;781;1;178;3562;3740
264;21.09.2011;3.0;0;9;0;3;1;2;23.8;0.3261768037976945;135.0;0.0964042;1000;0;539;3813;4352
536;19.06.2012;2.0;1;6;0;2;1;1;27.5333;0.6875078152769745;103.5;0.148017;826;1;968;5857;6825
328;24.11.2011;4.0;0;11;1;4;0;1;14.9333;0.45396808066760175;82.37505;0.167304;785;0;560;935;1495
68;09.03.2011;1.0;0;3;0;3;1;2;11.8333;0.05246193385617867;116.31255;0.22015;521;1;191;1700;1891
107;17.04.2011;2.0;0;4;0;0;0;1;18.2667;0.4650168627357374;71.93745;0.303496;676;0;1558;2186;3744
430;05.03.2012;1.0;1;3;0;1;1;1;9.7333;0.7055612261864794;75.9375;0.228858;1019;0;203;3130;3333
334;30.11.2011;4.0;0;11;0;3;1;1;13.0;0.4108683774128077;91.99995;0.271158;832;1;188;3425;3613
575;28.07.2012;3.0;1;7;0;6;0;1;30.2333;0.8462583832823692;91.99995;0.15735;508;0;2234;4451;6685
176;25.06.2011;1.0;0;6;0;6;0;1;27.8;0.6119216886642649;72.49995;0.209571;465;0;1782;3420;5202
219;07.08.2011;3.0;0;8;0;0;0;1;29.7;0.9514805373084897;112.93755;0.201487;769;0;1298;2487;3785
19;19.01.2011;1.0;0;1;0;3;1;2;11.687;0.1549299995745623;111.26085;0.208317;1024;0;78;1572;1650
93;03.04.2011;2.0;0;4;0;0;0;1;15.1333;0.5186784967839089;72.0;0.182213;829;0;1651;1598;3249
686;16.11.2012;4.0;1;11;0;5;1;1;13.8;0.5133344169126742;78.68745;0.171025;603;0;484;5214;5698
76;17.03.2011;1.0;0;3;0;4;1;1;16.6;0.35820975231065655;90.43755;0.209579;649;0;424;2320;2744
72;13.03.2011;1.0;0;3;0;0;0;1;15.3739;0.4687336963941787;79.10865;0.270604;943;0;982;1435;2417
523;06.06.2012;2.0;1;6;0;3;1;1;22.1667;0.40582739507733295;91.6875;0.077125;978;0;1027;6028;7055
534;17.06.2012;2.0;1;6;0;0;0;1;23.7;0.46103698448338215;89.8125;0.144904;615;0;2634;4344;6978
237;25.08.2011;3.0;0;8;0;4;1;2;27.3667;0.7131881013168048;115.75005;0.210833;786;0;435;3107;3542
192;11.07.2011;3.0;0;7;0;1;1;1;30.5;0.8938952440859502;95.37495;0.282337;730;0;723;3363;4086
480;24.04.2012;2.0;1;4;0;2;1;1;16.5333;0.5062269021641962;68.12505;0.249383;621;1;518;5115;5633
356;22.12.2011;1.0;0;12;0;4;1;2;16.9333;0.09799175006178619;113.625;0.047275;472;0;227;2841;3068
621;12.09.2012;3.0;1;9;0;3;1;1;23.9667;0.4764771219053096;86.56245;0.131846;930;0;1050;6820;7870
568;21.07.2012;3.0;1;7;0;6;0;3;23.8333;0.350391056637544;129.81255;0.2133;839;0;1264;3195;4459
295;22.10.2011;4.0;0;10;0;6;0;1;16.9;0.319978895089916;94.37505;0.0926666999999999;695;1;1499;2809;4308
324;20.11.2011;4.0;0;11;0;0;0;2;18.5333;0.25060684200918215;102.68745;0.18595;1032;1;787;2733;3520
460;04.04.2012;2.0;1;4;0;3;1;1;21.6667;0.4672788443500091;70.43745;0.180975;1010;1;1058;5378;6436
449;24.03.2012;2.0;1;3;0;6;0;2;20.1;0.0;132.81255;0.1927829999999999;618;0;1033;2339;3372
318;14.11.2011;4.0;0;11;0;0;1;1;21.2;0.39888583404431804;88.06245;0.306596;608;0;595;3891;4486
331;27.11.2011;4.0;0;11;0;0;0;1;18.3667;0.22764620767182828;104.74995;0.208954;646;0;810;2261;3071
17;17.01.2011;1.0;0;1;1;1;0;2;7.0333;0.8339545180306647;80.625;0.194017;650;0;117;883;1000
22;22.01.2011;1.0;0;1;0;6;0;1;2.3652;1.0;60.0;0.17197;891;0;93;888;981
677;07.11.2012;4.0;1;11;0;3;1;2;11.8333;0.5557806828751606;82.125;0.304108;654;0;326;4709;5035
380;15.01.2012;1.0;1;1;0;0;0;1;6.6667;0.9387829677432457;62.87505;0.251258;871;1;284;2027;2311
222;10.08.2011;3.0;0;8;0;3;1;1;30.6667;0.7004880594712435;63.62505;0.200258;709;0;884;3896;4780
39;08.02.2011;1.0;0;2;0;2;1;1;8.8333;0.7186058219911221;80.68755;0.36195;611;0;64;1466;1530
182;01.07.2011;3.0;0;7;0;5;1;1;28.9;0.6156413659983605;59.4375;0.1026079999999999;795;0;1246;4116;5362
235;23.08.2011;1.0;0;8;0;2;1;1;25.6333;0.5349829868085364;68.31255;0.146763;982;0;1281;4614;5895
630;21.09.2012;3.0;1;9;0;5;1;1;23.9667;0.4496207584803522;100.3125;0.154229;902;0;1250;6917;8167
344;10.12.2011;4.0;0;12;0;6;0;1;11.0;0.640855110133471;76.125;0.233221;657;0;502;2688;3190
516;30.05.2012;2.0;1;5;0;3;1;2;26.2667;0.5864711855242384;100.5;0.134329;595;0;745;6110;6855
128;08.05.2011;2.0;0;5;0;0;0;1;21.1333;0.36369741507860043;94.75005;0.0746375;991;0;1401;2932;4333
326;22.11.2011;4.0;0;11;0;2;1;3;16.6667;0.0;144.375;0.118792;525;0;69;1538;1607
327;23.11.2011;4.0;0;11;0;3;1;2;17.6333;0.11173615361027535;113.68755;0.335825;587;0;112;2454;2566
286;13.10.2011;4.0;0;10;0;4;1;2;23.5667;0.3024799815838315;134.50005;0.141787;929;0;290;2623;2913
470;14.04.2012;2.0;1;4;0;6;0;1;19.8;0.4430806833228732;75.43755;0.190917;748;1;2795;4665;7460
15;15.01.2011;1.0;0;1;0;6;0;2;9.3333;0.7349133842994587;74.8125;0.157963;991;0;222;1026;1248
25;25.01.2011;1.0;0;1;0;2;1;2;8.9391;0.5790914987282146;92.54355;0.129796;977;0;186;1799;1985
216;04.08.2011;3.0;0;8;0;4;1;2;28.4;0.8119745375425695;113.625;0.19715;939;1;799;3777;4576
660;21.10.2012;4.0;1;10;0;0;0;1;18.5667;0.44114595090078823;76.5;0.166054;521;0;2132;4692;6824
513;27.05.2012;2.0;1;5;0;0;0;1;27.6;0.6966013623092475;104.56245;0.215171;1005;0;3283;3308;6591
691;21.11.2012;4.0;1;11;0;3;1;1;14.1333;0.38011055607578614;92.0625;0.103246;666;0;615;4531;5146
614;05.09.2012;3.0;1;9;0;3;1;1;29.4667;0.9120185090600017;111.1875;0.187808;546;0;832;6280;7112
137;17.05.2011;2.0;0;5;0;2;1;2;22.4667;0.24583699440508092;125.68755;0.277354;537;0;678;3445;4123
136;16.05.2011;2.0;0;5;0;1;1;1;23.1;0.33567865883454523;118.18755;0.126871;470;0;773;3185;3958
383;18.01.2012;1.0;1;1;0;3;1;1;12.1333;0.6436836302623905;66.49995;0.415429;553;0;109;3267;3376
697;27.11.2012;4.0;1;11;0;2;1;2;11.6667;0.020374074587880226;118.00005;0.237562;675;0;123;3836;3959
729;29.12.2012;1.0;1;12;0;6;0;2;10.1333;0.1679297984471933;112.93755;0.124383;783;0;159;1182;1341
301;28.10.2011;4.0;0;10;0;5;1;2;13.2333;0.4492245706523428;87.87495;0.229479;599;0;456;3291;3747
124;04.05.2011;1.0;0;5;0;3;1;2;16.5667;0.13374385874807757;110.56245;0.328996;569;0;255;2378;2633
148;28.05.2011;2.0;0;5;0;6;0;1;26.2333;0.594437216858557;109.43745;0.230092;712;0;2001;2757;4758
306;02.11.2011;4.0;0;11;0;3;1;1;15.1;0.165689140504608;107.8125;0.0820916999999999;810;1;370;3816;4186
546;29.06.2012;3.0;1;6;0;5;1;1;33.3667;0.9241774419565081;73.3125;0.165417;600;0;829;4634;5463
23;23.01.2011;1.0;0;1;0;0;0;1;3.8609;1.0;65.4783;0.2466;932;1;150;836;986
675;05.11.2012;4.0;1;11;0;1;1;1;12.7667;0.5801521921535583;74.12505;0.236325;491;0;378;4881;5259
281;08.10.2011;4.0;0;10;0;6;0;1;20.8667;0.36236910171331166;93.84519991166079;0.0454042;746;1;2235;3174;5409
633;24.09.2012;4.0;1;9;0;1;1;1;20.5667;0.45057721496439124;73.93755;0.142404;944;1;1001;6435;7436
45;14.02.2011;1.0;0;2;0;1;1;1;16.6;0.539276586828337;56.37495;0.417908;949;1;208;1705;1913
139;19.05.2011;2.0;0;5;0;4;1;2;21.2333;0.16166332029099426;124.43745;0.108213;878;0;735;3840;4575
77;18.03.2011;1.0;0;3;0;5;1;1;21.6;0.4421542384399806;78.78255;0.231017;799;0;884;2355;3239
108;18.04.2011;1.0;0;4;0;1;1;1;20.5;0.4202406136569634;81.375;0.163567;637;0;669;2760;3429
204;23.07.2011;3.0;0;7;0;6;0;1;33.9667;0.985259287107189;75.0;0.131221;944;0;987;2298;3285
245;02.09.2011;3.0;0;9;0;5;1;2;25.7333;0.5489419427866352;93.84519991166079;0.139929;908;0;875;3852;4727
411;15.02.2012;1.0;1;2;0;3;1;1;13.9333;0.50170066326157;79.6875;0.1816;998;1;141;4028;4169
444;19.03.2012;1.0;1;3;0;1;1;1;21.8;0.30402973882926115;109.3125;0.162317;773;0;982;5171;6153
369;04.01.2012;1.0;1;1;0;3;1;2;4.3;1.0;62.18745;0.1847;726;0;95;2273;2368
717;17.12.2012;4.0;1;12;0;1;1;2;15.7333;0.0;136.06245;0.0982583;692;0;212;4373;4585
462;06.04.2012;2.0;1;4;0;5;1;1;16.1333;0.3296808616848796;93.84519991166079;0.300388;603;0;1807;4653;6460
336;02.12.2011;1.0;0;12;0;5;1;1;12.5667;0.40160067199097876;93.87495;0.100754;492;0;268;3672;3940
78;19.03.2011;1.0;0;3;0;6;0;1;18.9;0.504614692511599;56.87505;0.368167;1022;1;1424;1693;3117
81;22.03.2011;1.0;0;3;0;2;1;1;17.6667;0.3255892529758915;93.68745;0.22575;551;0;460;2243;2703
377;12.01.2012;1.0;1;1;0;4;1;2;15.3;0.0;120.43755;0.180967;520;0;269;3828;4097
299;26.10.2011;4.0;0;10;0;3;1;2;19.3667;0.21884006145325607;108.06255;0.148642;605;0;404;3490;3894
497;11.05.2012;2.0;1;5;0;5;1;1;21.3333;0.4955880011440725;54.06255;0.2369369999999999;570;1;1319;5711;7030
